[
    {
        "model": "Hotelapp.room",
        "pk": 1,
        "fields": {
            "name": "\u0e2b\u0e49\u0e2d\u0e07\u0e14\u0e35\u0e25\u0e31\u0e01\u0e0b\u0e4c",
            "des": "\u0e08\u0e38\u0e14\u0e40\u0e14\u0e48\u0e19\u0e02\u0e2d\u0e07\u0e2b\u0e49\u0e2d\u0e07\u0e1e\u0e31\u0e01:\u0e27\u0e34\u0e27\u0e40\u0e21\u0e37\u0e2d\u0e07, \u0e2d\u0e38\u0e1b\u0e01\u0e23\u0e13\u0e4c\u0e0a\u0e07\u0e0a\u0e32\u0e41\u0e25\u0e30\u0e01\u0e32\u0e41\u0e1f, \u0e1f\u0e23\u0e35 WiFi \u0e2d\u0e34\u0e19\u0e40\u0e17\u0e2d\u0e23\u0e4c\u0e40\u0e19\u0e47\u0e15 \u0e02\u0e19\u0e32\u0e14\u0e2b\u0e49\u0e2d\u0e07\u0e1e\u0e31\u0e01:32 \u0e15\u0e32\u0e23\u0e32\u0e07\u0e40\u0e21\u0e15\u0e23 \u0e08\u0e33\u0e19\u0e27\u0e19\u0e1c\u0e39\u0e49\u0e40\u0e02\u0e49\u0e32\u0e1e\u0e31\u0e01\u0e2a\u0e39\u0e07\u0e2a\u0e38\u0e14:\u0e1c\u0e39\u0e49\u0e43\u0e2b\u0e0d\u0e48 2 \u0e17\u0e48\u0e32\u0e19 \u0e1b\u0e23\u0e30\u0e40\u0e20\u0e17\u0e40\u0e15\u0e35\u0e22\u0e07:\u0e40\u0e15\u0e35\u0e22\u0e07\u0e04\u0e34\u0e07\u0e44\u0e0b\u0e2a\u0e4c\u0e2b\u0e23\u0e37\u0e2d\u0e40\u0e15\u0e35\u0e22\u0e07\u0e04\u0e39\u0e48  \u0e40\u0e1e\u0e37\u0e48\u0e2d\u0e04\u0e27\u0e32\u0e21\u0e2a\u0e30\u0e14\u0e27\u0e01\u0e2a\u0e1a\u0e32\u0e22\u0e17\u0e35\u0e48\u0e04\u0e38\u0e49\u0e21\u0e04\u0e48\u0e32 \u0e2b\u0e49\u0e2d\u0e07\u0e1e\u0e31\u0e01\u0e41\u0e1a\u0e1a\u0e14\u0e35\u0e25\u0e31\u0e01\u0e0b\u0e4c \u0e17\u0e35\u0e48\u0e42\u0e23\u0e07\u0e41\u0e23\u0e21 \u0e2d\u0e21\u0e32\u0e23\u0e35 \u0e14\u0e2d\u0e19\u0e40\u0e21\u0e37\u0e2d\u0e07 \u0e41\u0e2d\u0e23\u0e4c\u0e1e\u0e2d\u0e23\u0e4c\u0e15 \u0e01\u0e23\u0e38\u0e07\u0e40\u0e17\u0e1e\u0e2f \u0e40\u0e1b\u0e47\u0e19\u0e2b\u0e49\u0e2d\u0e07\u0e1e\u0e31\u0e01\u0e17\u0e35\u0e48\u0e40\u0e2b\u0e21\u0e32\u0e30\u0e41\u0e01\u0e48\u0e01\u0e32\u0e23\u0e1e\u0e31\u0e01\u0e1c\u0e48\u0e2d\u0e19\u0e02\u0e2d\u0e07\u0e04\u0e38\u0e13 \u0e2b\u0e49\u0e2d\u0e07\u0e1e\u0e31\u0e01\u0e15\u0e01\u0e41\u0e15\u0e48\u0e07\u0e43\u0e19\u0e2a\u0e44\u0e15\u0e25\u0e4c\u0e44\u0e17\u0e22\u0e23\u0e48\u0e27\u0e21\u0e2a\u0e21\u0e31\u0e22\u0e14\u0e49\u0e27\u0e22\u0e42\u0e17\u0e19\u0e2a\u0e35\u0e2d\u0e1a\u0e2d\u0e38\u0e48\u0e19\u0e41\u0e25\u0e30\u0e41\u0e2a\u0e07\u0e18\u0e23\u0e23\u0e21\u0e0a\u0e32\u0e15\u0e34 \u0e2b\u0e49\u0e2d\u0e07\u0e1e\u0e31\u0e01\u0e41\u0e1a\u0e1a\u0e14\u0e35\u0e25\u0e31\u0e01\u0e0b\u0e4c \u0e40\u0e1e\u0e34\u0e48\u0e21\u0e04\u0e27\u0e32\u0e21\u0e2a\u0e30\u0e14\u0e27\u0e01\u0e2a\u0e1a\u0e32\u0e22\u0e14\u0e49\u0e27\u0e22 \u0e42\u0e17\u0e23\u0e17\u0e31\u0e28\u0e19\u0e4c LCD \u0e02\u0e19\u0e32\u0e14 32 \u0e19\u0e34\u0e49\u0e27 \u0e41\u0e25\u0e30\u0e1f\u0e23\u0e35 WiFi \u0e2d\u0e34\u0e19\u0e40\u0e17\u0e2d\u0e23\u0e4c\u0e40\u0e19\u0e47\u0e15\u0e20\u0e32\u0e22\u0e43\u0e19\u0e2b\u0e49\u0e2d\u0e07\u0e1e\u0e31\u0e01",
            "people": 2,
            "price": "4500",
            "image1": "imageroom/l_6558_15002754621285763036.jpg",
            "image2": "imageroom/l_6558_15002754691465295099.jpg",
            "image3": "imageroom/l_6558_15002754751455652470.jpg",
            "image4": "imageroom/main-studio-3.jpg",
            "image5": "imageroom/Mandarin-Oriental-Hotel3.jpg"
        }
    },
    {
        "model": "Hotelapp.room",
        "pk": 2,
        "fields": {
            "name": "\u0e2b\u0e49\u0e2d\u0e07\u0e08\u0e39\u0e40\u0e19\u0e35\u0e22\u0e23\u0e4c \u0e2a\u0e27\u0e35\u0e17",
            "des": "\u0e08\u0e38\u0e14\u0e40\u0e14\u0e48\u0e19\u0e02\u0e2d\u0e07\u0e2b\u0e49\u0e2d\u0e07\u0e1e\u0e31\u0e01:\u0e2b\u0e49\u0e2d\u0e07\u0e19\u0e2d\u0e19\u0e41\u0e22\u0e01, \u0e2b\u0e49\u0e2d\u0e07\u0e19\u0e31\u0e48\u0e07\u0e40\u0e25\u0e48\u0e19 \u0e41\u0e25\u0e30\u0e17\u0e35\u0e48\u0e23\u0e31\u0e1a\u0e1b\u0e23\u0e30\u0e17\u0e32\u0e19\u0e2d\u0e32\u0e2b\u0e32\u0e23, \u0e1f\u0e23\u0e35 WiFi \u0e2d\u0e34\u0e19\u0e40\u0e17\u0e2d\u0e23\u0e4c\u0e40\u0e19\u0e47\u0e15 \u0e02\u0e19\u0e32\u0e14\u0e2b\u0e49\u0e2d\u0e07\u0e1e\u0e31\u0e01:64 \u0e15\u0e32\u0e23\u0e32\u0e07\u0e40\u0e21\u0e15\u0e23 \u0e08\u0e33\u0e19\u0e27\u0e19\u0e1c\u0e39\u0e49\u0e40\u0e02\u0e49\u0e32\u0e1e\u0e31\u0e01\u0e2a\u0e39\u0e07\u0e2a\u0e38\u0e14:\u0e1c\u0e39\u0e49\u0e43\u0e2b\u0e0d\u0e48 3 \u0e17\u0e48\u0e32\u0e19 \u0e1b\u0e23\u0e30\u0e40\u0e20\u0e17\u0e40\u0e15\u0e35\u0e22\u0e07:\u0e40\u0e15\u0e35\u0e22\u0e07\u0e04\u0e34\u0e07\u0e44\u0e0b\u0e2a\u0e4c\u0e2b\u0e23\u0e37\u0e2d\u0e40\u0e15\u0e35\u0e22\u0e07\u0e04\u0e39\u0e48  \u0e40\u0e2b\u0e21\u0e32\u0e30\u0e2d\u0e22\u0e48\u0e32\u0e07\u0e22\u0e34\u0e48\u0e07\u0e2a\u0e33\u0e2b\u0e23\u0e31\u0e1a\u0e19\u0e31\u0e01\u0e40\u0e14\u0e34\u0e19\u0e17\u0e32\u0e07\u0e18\u0e38\u0e23\u0e01\u0e34\u0e08\u0e17\u0e35\u0e48\u0e15\u0e49\u0e2d\u0e07\u0e01\u0e32\u0e23\u0e1e\u0e37\u0e49\u0e19\u0e17\u0e35\u0e48\u0e2b\u0e49\u0e2d\u0e07\u0e1e\u0e31\u0e01\u0e01\u0e27\u0e49\u0e32\u0e07\u0e02\u0e27\u0e32\u0e07 \u0e41\u0e25\u0e30\u0e2b\u0e23\u0e39\u0e2b\u0e23\u0e32 \u0e2b\u0e49\u0e2d\u0e07\u0e08\u0e39\u0e40\u0e19\u0e35\u0e22\u0e23\u0e4c \u0e2a\u0e27\u0e35\u0e17 (Junior Suite) \u0e02\u0e2d\u0e07\u0e42\u0e23\u0e07\u0e41\u0e23\u0e21\u0e2d\u0e21\u0e32\u0e23\u0e35 \u0e14\u0e2d\u0e19\u0e40\u0e21\u0e37\u0e2d\u0e07 \u0e41\u0e2d\u0e23\u0e4c\u0e1e\u0e2d\u0e23\u0e4c\u0e15 \u0e01\u0e23\u0e38\u0e07\u0e40\u0e17\u0e1e\u0e2f \u0e21\u0e35\u0e1e\u0e37\u0e49\u0e19\u0e17\u0e35\u0e48\u0e19\u0e31\u0e48\u0e07\u0e41\u0e25\u0e48\u0e19 \u0e41\u0e25\u0e30\u0e1e\u0e37\u0e49\u0e19\u0e17\u0e35\u0e48\u0e23\u0e31\u0e1a\u0e1b\u0e23\u0e30\u0e17\u0e32\u0e19\u0e2d\u0e32\u0e2b\u0e32\u0e23\u0e41\u0e22\u0e01\u0e40\u0e1b\u0e47\u0e19\u0e2a\u0e31\u0e14\u0e2a\u0e48\u0e27\u0e19 \u0e2d\u0e35\u0e01\u0e17\u0e31\u0e49\u0e07\u0e22\u0e31\u0e07\u0e21\u0e35\u0e44\u0e21\u0e42\u0e04\u0e23\u0e40\u0e27\u0e1f \u0e23\u0e27\u0e21\u0e16\u0e36\u0e07 \u0e1f\u0e23\u0e35 WiFi \u0e2d\u0e34\u0e19\u0e40\u0e17\u0e2d\u0e23\u0e4c\u0e40\u0e19\u0e15\u0e40\u0e1e\u0e37\u0e48\u0e2d\u0e04\u0e27\u0e32\u0e21\u0e2a\u0e30\u0e14\u0e27\u0e01\u0e2a\u0e1a\u0e32\u0e22\u0e02\u0e2d\u0e07\u0e04\u0e38\u0e13",
            "people": 3,
            "price": "5000",
            "image1": "imageroom/l_6558_15002754751455652470_4uCZqoL.jpg",
            "image2": "imageroom/l_6558_15002754691465295099_mluoIfP.jpg",
            "image3": "imageroom/l_6558_15002754691465295099_3N1Mcxn.jpg",
            "image4": "imageroom/l_6558_15002754621285763036_19rWPAg.jpg",
            "image5": "imageroom/l_6558_15002754621285763036_aAUpCRp.jpg"
        }
    },
    {
        "model": "Hotelapp.room",
        "pk": 3,
        "fields": {
            "name": "\u0e2b\u0e49\u0e2d\u0e07\u0e14\u0e35\u0e25\u0e31\u0e01\u0e0b\u0e4c \u0e41\u0e1f\u0e21\u0e34\u0e25\u0e35\u0e48",
            "des": "\u0e08\u0e38\u0e14\u0e40\u0e14\u0e48\u0e19\u0e02\u0e2d\u0e07\u0e2b\u0e49\u0e2d\u0e07\u0e1e\u0e31\u0e01:\u0e2b\u0e49\u0e2d\u0e07\u0e19\u0e31\u0e48\u0e07\u0e40\u0e25\u0e48\u0e19, \u0e42\u0e17\u0e23\u0e17\u0e31\u0e28\u0e19\u0e4c LCD 32 \u0e19\u0e34\u0e49\u0e27, \u0e1f\u0e23\u0e35 WiFi \u0e2d\u0e34\u0e19\u0e40\u0e17\u0e2d\u0e23\u0e4c\u0e40\u0e19\u0e47\u0e15 \u0e02\u0e19\u0e32\u0e14\u0e2b\u0e49\u0e2d\u0e07\u0e1e\u0e31\u0e01:64 \u0e15\u0e32\u0e23\u0e32\u0e07\u0e40\u0e21\u0e15\u0e23\u0e08\u0e33\u0e19\u0e27\u0e19 \u0e1c\u0e39\u0e49\u0e40\u0e02\u0e49\u0e32\u0e1e\u0e31\u0e01\u0e2a\u0e39\u0e07\u0e2a\u0e38\u0e14:\u0e1c\u0e39\u0e49\u0e43\u0e2b\u0e0d\u0e48 3 \u0e17\u0e48\u0e32\u0e19 \u0e40\u0e14\u0e47\u0e01 1 \u0e17\u0e48\u0e32\u0e19 \u0e1b\u0e23\u0e30\u0e40\u0e20\u0e17\u0e40\u0e15\u0e35\u0e22\u0e07:\u0e40\u0e15\u0e35\u0e22\u0e07\u0e04\u0e34\u0e07\u0e44\u0e0b\u0e2a\u0e4c\u0e2b\u0e23\u0e37\u0e2d\u0e40\u0e15\u0e35\u0e22\u0e07\u0e04\u0e39\u0e48  \u0e20\u0e32\u0e22\u0e43\u0e19\u0e2b\u0e49\u0e2d\u0e07\u0e14\u0e35\u0e25\u0e31\u0e01\u0e0b\u0e4c \u0e41\u0e1f\u0e21\u0e34\u0e25\u0e35\u0e48 (Deluxe Family) \u0e02\u0e2d\u0e07\u0e42\u0e23\u0e07\u0e41\u0e23\u0e21\u0e2d\u0e21\u0e32\u0e23\u0e35 \u0e14\u0e2d\u0e19\u0e40\u0e21\u0e37\u0e2d\u0e07 \u0e41\u0e2d\u0e23\u0e4c\u0e1e\u0e2d\u0e23\u0e4c\u0e15 \u0e01\u0e23\u0e38\u0e07\u0e40\u0e17\u0e1e\u0e2f \u0e21\u0e35 1 \u0e40\u0e15\u0e35\u0e22\u0e07\u0e43\u0e2b\u0e0d\u0e48 \u0e41\u0e25\u0e30 \u0e40\u0e15\u0e35\u0e22\u0e07\u0e40\u0e14\u0e35\u0e48\u0e22\u0e27 2 \u0e40\u0e15\u0e35\u0e22\u0e07 \u0e1e\u0e23\u0e49\u0e2d\u0e21\u0e17\u0e31\u0e49\u0e07\u0e22\u0e31\u0e07\u0e21\u0e35\u0e1e\u0e37\u0e49\u0e19\u0e17\u0e35\u0e48\u0e2b\u0e49\u0e2d\u0e07\u0e19\u0e31\u0e48\u0e07\u0e40\u0e25\u0e48\u0e19\u0e2a\u0e30\u0e14\u0e27\u0e01\u0e2a\u0e1a\u0e32\u0e22, \u0e1f\u0e23\u0e35 WiFi \u0e2d\u0e34\u0e19\u0e40\u0e17\u0e2d\u0e23\u0e4c\u0e40\u0e19\u0e47\u0e15 \u0e41\u0e25\u0e30\u0e40\u0e17\u0e04\u0e42\u0e19\u0e42\u0e25\u0e22\u0e35\u0e17\u0e35\u0e48\u0e17\u0e31\u0e19\u0e2a\u0e21\u0e31\u0e22 \u0e40\u0e2b\u0e21\u0e32\u0e30\u0e2a\u0e33\u0e2b\u0e23\u0e31\u0e1a\u0e01\u0e32\u0e23\u0e1e\u0e31\u0e01\u0e1c\u0e48\u0e2d\u0e19\u0e02\u0e2d\u0e07\u0e04\u0e38\u0e13\u0e17\u0e35\u0e48\u0e01\u0e23\u0e38\u0e07\u0e40\u0e17\u0e1e\u0e2f \u0e44\u0e21\u0e48\u0e27\u0e48\u0e32\u0e04\u0e38\u0e13\u0e08\u0e30\u0e21\u0e32\u0e01\u0e31\u0e1a\u0e04\u0e23\u0e2d\u0e1a\u0e04\u0e23\u0e31\u0e27 \u0e2b\u0e23\u0e37\u0e2d\u0e01\u0e25\u0e38\u0e48\u0e21\u0e40\u0e1e\u0e37\u0e48\u0e2d\u0e19",
            "people": 4,
            "price": "6000",
            "image1": "imageroom/main-studio-3_zioNPZR.jpg",
            "image2": "imageroom/Mandarin-Oriental-Hotel3_U6cvyzb.jpg",
            "image3": "imageroom/1339344098.jpg",
            "image4": "imageroom/\u0e42\u0e1b\u0e23\u0e42\u0e21\u0e0a\u0e19-\u0e42\u0e23\u0e07\u0e41\u0e23\u0e21\u0e2b\u0e23.jpg",
            "image5": "imageroom/1339344098_fen02An.jpg"
        }
    },
    {
        "model": "Hotelapp.option",
        "pk": 1,
        "fields": {
            "optionname": "\u0e42\u0e15\u0e4a\u0e30\u0e17\u0e33\u0e07\u0e32\u0e19"
        }
    },
    {
        "model": "Hotelapp.option",
        "pk": 2,
        "fields": {
            "optionname": "\u0e40\u0e15\u0e35\u0e22\u0e07\u0e04\u0e34\u0e07\u0e44\u0e0b\u0e2a\u0e4c \u0e2b\u0e23\u0e37\u0e2d \u0e40\u0e15\u0e35\u0e22\u0e07\u0e04\u0e39\u0e48"
        }
    },
    {
        "model": "Hotelapp.option",
        "pk": 3,
        "fields": {
            "optionname": "\u0e2d\u0e38\u0e1b\u0e01\u0e23\u0e13\u0e4c\u0e0a\u0e07\u0e0a\u0e32\u0e41\u0e25\u0e30\u0e01\u0e32\u0e41\u0e1f"
        }
    },
    {
        "model": "Hotelapp.option",
        "pk": 4,
        "fields": {
            "optionname": "\u0e21\u0e34\u0e19\u0e34\u0e1a\u0e32\u0e23\u0e4c"
        }
    },
    {
        "model": "Hotelapp.option",
        "pk": 5,
        "fields": {
            "optionname": "\u0e15\u0e39\u0e49\u0e40\u0e22\u0e47\u0e19"
        }
    },
    {
        "model": "Hotelapp.option",
        "pk": 6,
        "fields": {
            "optionname": "\u0e15\u0e39\u0e49\u0e19\u0e34\u0e23\u0e20\u0e31\u0e22\u0e2a\u0e48\u0e27\u0e19\u0e15\u0e31\u0e27"
        }
    },
    {
        "model": "Hotelapp.option",
        "pk": 7,
        "fields": {
            "optionname": "\u0e40\u0e04\u0e23\u0e37\u0e48\u0e2d\u0e07\u0e1b\u0e23\u0e31\u0e1a\u0e2d\u0e32\u0e01\u0e32\u0e28"
        }
    },
    {
        "model": "Hotelapp.option",
        "pk": 8,
        "fields": {
            "optionname": "\u0e1f\u0e23\u0e35 WiFi \u0e2d\u0e34\u0e19\u0e40\u0e17\u0e2d\u0e23\u0e4c\u0e40\u0e19\u0e47\u0e15"
        }
    },
    {
        "model": "Hotelapp.option",
        "pk": 9,
        "fields": {
            "optionname": "\u0e44\u0e1f\u0e09\u0e38\u0e01\u0e40\u0e09\u0e34\u0e19"
        }
    },
    {
        "model": "Hotelapp.option",
        "pk": 10,
        "fields": {
            "optionname": "\u0e40\u0e2a\u0e37\u0e49\u0e2d\u0e04\u0e25\u0e38\u0e21\u0e2d\u0e32\u0e1a\u0e19\u0e49\u0e33\u0e41\u0e25\u0e30\u0e23\u0e2d\u0e07\u0e40\u0e17\u0e49\u0e32\u0e41\u0e15\u0e30"
        }
    },
    {
        "model": "Hotelapp.option",
        "pk": 11,
        "fields": {
            "optionname": "\u0e44\u0e14\u0e23\u0e4c\u0e40\u0e1b\u0e48\u0e32\u0e1c\u0e21"
        }
    },
    {
        "model": "Hotelapp.roomoption",
        "pk": 1,
        "fields": {
            "name": 1,
            "option": 1
        }
    },
    {
        "model": "Hotelapp.roomoption",
        "pk": 2,
        "fields": {
            "name": 1,
            "option": 2
        }
    },
    {
        "model": "Hotelapp.roomoption",
        "pk": 3,
        "fields": {
            "name": 1,
            "option": 3
        }
    },
    {
        "model": "Hotelapp.roomoption",
        "pk": 4,
        "fields": {
            "name": 1,
            "option": 5
        }
    },
    {
        "model": "Hotelapp.roomoption",
        "pk": 5,
        "fields": {
            "name": 1,
            "option": 6
        }
    },
    {
        "model": "Hotelapp.roomoption",
        "pk": 6,
        "fields": {
            "name": 1,
            "option": 9
        }
    },
    {
        "model": "Hotelapp.roomoption",
        "pk": 7,
        "fields": {
            "name": 1,
            "option": 10
        }
    },
    {
        "model": "Hotelapp.roomoption",
        "pk": 8,
        "fields": {
            "name": 1,
            "option": 11
        }
    },
    {
        "model": "Hotelapp.roomoption",
        "pk": 9,
        "fields": {
            "name": 1,
            "option": 8
        }
    },
    {
        "model": "Hotelapp.roomoption",
        "pk": 10,
        "fields": {
            "name": 2,
            "option": 1
        }
    },
    {
        "model": "Hotelapp.roomoption",
        "pk": 11,
        "fields": {
            "name": 2,
            "option": 2
        }
    },
    {
        "model": "Hotelapp.roomoption",
        "pk": 12,
        "fields": {
            "name": 2,
            "option": 3
        }
    },
    {
        "model": "Hotelapp.roomoption",
        "pk": 13,
        "fields": {
            "name": 2,
            "option": 4
        }
    },
    {
        "model": "Hotelapp.roomoption",
        "pk": 14,
        "fields": {
            "name": 2,
            "option": 5
        }
    },
    {
        "model": "Hotelapp.roomoption",
        "pk": 15,
        "fields": {
            "name": 2,
            "option": 6
        }
    },
    {
        "model": "Hotelapp.roomoption",
        "pk": 16,
        "fields": {
            "name": 2,
            "option": 9
        }
    },
    {
        "model": "Hotelapp.roomoption",
        "pk": 17,
        "fields": {
            "name": 2,
            "option": 7
        }
    },
    {
        "model": "Hotelapp.roomoption",
        "pk": 18,
        "fields": {
            "name": 2,
            "option": 10
        }
    },
    {
        "model": "Hotelapp.roomoption",
        "pk": 19,
        "fields": {
            "name": 3,
            "option": 1
        }
    },
    {
        "model": "Hotelapp.roomoption",
        "pk": 20,
        "fields": {
            "name": 3,
            "option": 2
        }
    },
    {
        "model": "Hotelapp.roomoption",
        "pk": 21,
        "fields": {
            "name": 3,
            "option": 3
        }
    },
    {
        "model": "Hotelapp.roomoption",
        "pk": 22,
        "fields": {
            "name": 3,
            "option": 4
        }
    },
    {
        "model": "Hotelapp.roomoption",
        "pk": 23,
        "fields": {
            "name": 3,
            "option": 5
        }
    },
    {
        "model": "Hotelapp.roomoption",
        "pk": 24,
        "fields": {
            "name": 3,
            "option": 6
        }
    },
    {
        "model": "Hotelapp.roomoption",
        "pk": 25,
        "fields": {
            "name": 3,
            "option": 7
        }
    },
    {
        "model": "Hotelapp.roomoption",
        "pk": 26,
        "fields": {
            "name": 3,
            "option": 8
        }
    },
    {
        "model": "Hotelapp.roomoption",
        "pk": 27,
        "fields": {
            "name": 3,
            "option": 11
        }
    },
    {
        "model": "Hotelapp.karaoke",
        "pk": 1,
        "fields": {
            "name": "\u0e2b\u0e49\u0e2d\u0e07\u0e04\u0e32\u0e23\u0e32\u0e42\u0e2d\u0e40\u0e01\u0e30\u0e2b\u0e21\u0e35 TUBIE",
            "des": "\u0e2b\u0e21\u0e35 Tubie \u0e2b\u0e21\u0e35\u0e2b\u0e19\u0e38\u0e48\u0e21\u0e2a\u0e38\u0e14\u0e0b\u0e48\u0e32\u0e1a\u0e38\u0e04\u0e25\u0e34\u0e01\u0e01\u0e27\u0e19\u0e43\u0e08\u0e17\u0e35\u0e48\u0e2d\u0e32\u0e2a\u0e32\u0e23\u0e31\u0e1a\u0e0b\u0e48\u0e2d\u0e21\u0e2d\u0e38\u0e1b\u0e01\u0e23\u0e13\u0e4c\u0e17\u0e38\u0e01\u0e2a\u0e34\u0e48\u0e07\u0e2d\u0e22\u0e48\u0e32\u0e07\u0e20\u0e32\u0e22\u0e43\u0e19\u0e23\u0e49\u0e32\u0e19 Villa De Bear \u0e20\u0e32\u0e22\u0e43\u0e19\u0e2b\u0e49\u0e2d\u0e07\u0e04\u0e32\u0e23\u0e32\u0e42\u0e2d\u0e40\u0e01\u0e30\u0e2b\u0e49\u0e2d\u0e07\u0e19\u0e35\u0e49\u0e01\u0e47\u0e08\u0e30\u0e40\u0e15\u0e47\u0e21\u0e44\u0e1b\u0e14\u0e49\u0e27\u0e22\u0e2d\u0e38\u0e1b\u0e01\u0e23\u0e13\u0e4c\u0e0a\u0e48\u0e32\u0e07 \u0e40\u0e04\u0e23\u0e37\u0e48\u0e2d\u0e07\u0e44\u0e21\u0e49\u0e40\u0e04\u0e23\u0e37\u0e48\u0e2d\u0e07\u0e21\u0e37\u0e2d\u0e43\u0e19\u0e01\u0e32\u0e23\u0e0b\u0e48\u0e2d\u0e21\u0e15\u0e48\u0e32\u0e07\u0e46\u0e40\u0e21\u0e37\u0e48\u0e2d\u0e40\u0e02\u0e49\u0e32\u0e21\u0e32\u0e41\u0e25\u0e49\u0e27\u0e08\u0e30\u0e2a\u0e31\u0e21\u0e1c\u0e31\u0e2a\u0e44\u0e14\u0e49\u0e16\u0e36\u0e07\u0e1a\u0e23\u0e23\u0e22\u0e32\u0e01\u0e32\u0e28\u0e40\u0e2b\u0e21\u0e37\u0e2d\u0e19\u0e2d\u0e22\u0e39\u0e48\u0e43\u0e19\u0e2b\u0e49\u0e2d\u0e07\u0e0a\u0e48\u0e32\u0e07 \u0e23\u0e49\u0e2d\u0e07\u0e40\u0e1e\u0e25\u0e07\u0e04\u0e32\u0e23\u0e32\u0e42\u0e2d\u0e40\u0e01\u0e30\u0e2a\u0e19\u0e38\u0e01\u0e44\u0e21\u0e48\u0e21\u0e35\u0e40\u0e1a\u0e37\u0e48\u0e2d",
            "price": "2000",
            "image1": "karaokeimage/561000001201402.jpeg",
            "image2": "karaokeimage/download.jpeg",
            "image3": "karaokeimage/dscf9516.jpg",
            "image4": "",
            "image5": ""
        }
    },
    {
        "model": "Hotelapp.karaoke",
        "pk": 2,
        "fields": {
            "name": "\u0e2b\u0e49\u0e2d\u0e07\u0e2b\u0e21\u0e35\u0e04\u0e32\u0e23\u0e32\u0e42\u0e2d\u0e40\u0e01\u0e30 CHRISTY",
            "des": "\u0e2a\u0e32\u0e27\u0e19\u0e49\u0e2d\u0e22 Christy \u0e2b\u0e21\u0e35\u0e2a\u0e32\u0e27\u0e2b\u0e19\u0e36\u0e48\u0e07\u0e40\u0e14\u0e35\u0e22\u0e27\u0e02\u0e2d\u0e07\u0e2a\u0e21\u0e32\u0e0a\u0e34\u0e01 Villa De Bear \u0e40\u0e1b\u0e34\u0e14\u0e2b\u0e49\u0e2d\u0e07\u0e04\u0e32\u0e23\u0e32\u0e42\u0e2d\u0e40\u0e01\u0e30\u0e1e\u0e32\u0e17\u0e38\u0e01\u0e17\u0e48\u0e32\u0e19\u0e40\u0e22\u0e35\u0e48\u0e22\u0e21\u0e0a\u0e21\u0e2b\u0e49\u0e2d\u0e07\u0e40\u0e1a\u0e40\u0e01\u0e2d\u0e23\u0e35\u0e48\u0e2a\u0e38\u0e14\u0e2b\u0e27\u0e32\u0e19 \u0e20\u0e32\u0e22\u0e43\u0e19\u0e2b\u0e49\u0e2d\u0e07\u0e16\u0e39\u0e01\u0e15\u0e49\u0e2d\u0e07\u0e41\u0e15\u0e48\u0e07\u0e14\u0e49\u0e27\u0e22\u0e02\u0e19\u0e21\u0e40\u0e04\u0e49\u0e01\u0e19\u0e32\u0e19\u0e32\u0e0a\u0e19\u0e34\u0e14\u0e43\u0e2b\u0e49\u0e2d\u0e32\u0e23\u0e21\u0e13\u0e4c\u0e40\u0e2b\u0e21\u0e37\u0e2d\u0e19\u0e2b\u0e25\u0e38\u0e14\u0e40\u0e02\u0e49\u0e32\u0e21\u0e32\u0e01\u0e43\u0e19\u0e2b\u0e49\u0e2d\u0e07\u0e17\u0e33\u0e40\u0e1a\u0e40\u0e01\u0e2d\u0e23\u0e35\u0e48\u0e41\u0e2a\u0e19\u0e2d\u0e23\u0e48\u0e2d\u0e22 \u0e08\u0e30\u0e23\u0e49\u0e2d\u0e07\u0e40\u0e1e\u0e25\u0e07\u0e44\u0e17\u0e22 \u0e40\u0e1e\u0e25\u0e07\u0e40\u0e01\u0e32\u0e2b\u0e25\u0e35 \u0e40\u0e1e\u0e25\u0e07\u0e0d\u0e35\u0e48\u0e1b\u0e38\u0e48\u0e19 \u0e2a\u0e19\u0e38\u0e01\u0e44\u0e14\u0e49\u0e2d\u0e32\u0e23\u0e21\u0e13\u0e4c\u0e04\u0e19\u0e0a\u0e2d\u0e1a\u0e02\u0e2d\u0e07\u0e2b\u0e27\u0e32\u0e19",
            "price": "1800",
            "image1": "karaokeimage/unnamed.jpg",
            "image2": "karaokeimage/25398695_2087702104793438_387010513421200724_n.jpg",
            "image3": "karaokeimage/images_1.jpeg",
            "image4": "",
            "image5": ""
        }
    },
    {
        "model": "Hotelapp.karaoke",
        "pk": 3,
        "fields": {
            "name": "\u0e2b\u0e49\u0e2d\u0e07\u0e2b\u0e21\u0e35\u0e04\u0e32\u0e23\u0e32\u0e42\u0e2d\u0e40\u0e01\u0e30 KINNY",
            "des": "\u0e1e\u0e48\u0e2d\u0e04\u0e23\u0e31\u0e27\u0e43\u0e2b\u0e0d\u0e48\u0e2a\u0e38\u0e14\u0e40\u0e02\u0e49\u0e21 \u0e08\u0e30\u0e1e\u0e32\u0e04\u0e38\u0e13\u0e40\u0e02\u0e49\u0e32\u0e21\u0e32\u0e17\u0e48\u0e2d\u0e07\u0e42\u0e25\u0e01\u0e02\u0e2d\u0e07\u0e01\u0e32\u0e23\u0e17\u0e33\u0e2d\u0e32\u0e2b\u0e32\u0e23\u0e40\u0e1b\u0e34\u0e14\u0e2b\u0e49\u0e2d\u0e07\u0e04\u0e23\u0e31\u0e27\u0e2a\u0e48\u0e27\u0e19\u0e15\u0e31\u0e27\u0e43\u0e2b\u0e49\u0e17\u0e38\u0e01\u0e17\u0e48\u0e32\u0e19\u0e44\u0e14\u0e49\u0e2a\u0e31\u0e21\u0e1c\u0e31\u0e2a \u0e15\u0e31\u0e27\u0e2b\u0e49\u0e2d\u0e07\u0e04\u0e32\u0e23\u0e32\u0e42\u0e2d\u0e40\u0e01\u0e30\u0e08\u0e30\u0e16\u0e39\u0e01\u0e15\u0e01\u0e41\u0e15\u0e48\u0e07\u0e44\u0e1b\u0e14\u0e49\u0e27\u0e22\u0e2d\u0e38\u0e1b\u0e01\u0e23\u0e13\u0e4c\u0e04\u0e23\u0e31\u0e27 \u0e40\u0e04\u0e23\u0e37\u0e48\u0e2d\u0e07\u0e40\u0e17\u0e28\u0e41\u0e25\u0e30\u0e27\u0e31\u0e15\u0e16\u0e38\u0e14\u0e34\u0e1a\u0e01\u0e32\u0e23\u0e17\u0e33\u0e2d\u0e32\u0e2b\u0e32\u0e23 \u0e40\u0e02\u0e49\u0e32\u0e21\u0e32\u0e41\u0e25\u0e49\u0e27\u0e04\u0e38\u0e13\u0e08\u0e30\u0e2a\u0e19\u0e38\u0e01\u0e44\u0e1b\u0e01\u0e31\u0e1a\u0e1b\u0e23\u0e30\u0e2a\u0e1a\u0e01\u0e32\u0e23\u0e13\u0e4c\u0e44\u0e14\u0e49\u0e23\u0e49\u0e2d\u0e07\u0e40\u0e1e\u0e25\u0e07\u0e43\u0e19\u0e2b\u0e49\u0e2d\u0e07\u0e04\u0e23\u0e31\u0e27 \u0e17\u0e35\u0e48\u0e2b\u0e32\u0e44\u0e21\u0e48\u0e44\u0e14\u0e49\u0e08\u0e32\u0e01\u0e17\u0e35\u0e48\u0e44\u0e2b\u0e19 \u0e19\u0e2d\u0e01\u0e08\u0e32\u0e01\u0e17\u0e35\u0e48 Villa De Bear \u0e40\u0e17\u0e48\u0e32\u0e19\u0e31\u0e49\u0e19",
            "price": "2500",
            "image1": "karaokeimage/14-4.jpg",
            "image2": "karaokeimage/aaa-11-2.jpg",
            "image3": "karaokeimage/images_2.jpeg",
            "image4": "",
            "image5": ""
        }
    }
]